MeanTime,StdDev,#Iterations,#Processors
0.00001560,0.00000050,100,1
0.00006942,0.00000672,100,2
0.00013983,0.00002423,100,3
0.00020518,0.00004501,100,4
