Time,Processors
0.00001685,1
0.00007278,2
0.00015777,3
0.00021046,4
