#Processors,expected performance,measured performance,difference in performance
12,1145.2762984316528,1335.38757673,190.11127829834732
24,2290.5525968633056,2655.37926409,364.82666722669455
48,4581.105193726611,5097.2806123,516.1754185733889
