#datapoints,#threads,runtime
10000000,1,85.680644
10000000,2,46.084136
10000000,4,28.900162
10000000,8,21.616203
10000000,16,16.864630

100000000,2,242.741197
100000000,4,247.122879
