#datapoints,#threads level 0,#threads level 1,#mpi processes,runtime
100000000,2,2,2,240.741197
100000000,2,4,2,243.423099
100000000,2,8,2,

100000000,4,2,2,
100000000,8,2,2,


100000000,2,4,2,247.122879
100000000,2,8,2,297.187105
100000000,2,16,2,320.920046
