#datapoints,#threads,#mpi processes,total runtime [sec],pre-sorting runtime [sec]
100000000,16,2,90.896591,13  
100000000,8,2,90.536488,15      
100000000,4,2,114.869877,24     
100000000,2,2,187.080572,44        
100000000,1,2,229.436245,86    
