#datapoints,#threads,#mpi processes,runtime
100000000,2,2,242.741197
100000000,4,2,247.122879
100000000,8,2,297.187105
100000000,16,2,320.920046
