#datapoints,#threads,runtime
100000000,2,242.741197
100000000,4,247.122879

