#datapoints,#threads,runtime
10000,1,0.043070
100000,1,0.555295
100000,2,0.338991
1000000,1,6.344589
1000000,4,1.982936
10000000,1,85.253699
10000000,8,19.872657
100000000,1,1180.967787
100000000,16,190.414620
