#datapoints,#threads,#mpi processes,total runtime [sec],pre-sorting runtime [sec]
6250000,1,2,11.430944,4
12500000,2,2,19.509583,4
25000000,4,2,25.741733,5
50000000,8,2,49.364425,7
100000000,16,2,90.896591,13
